" But cart has some errors."," Mas o carrinho possui alguns erros."
"""Description"" is more than %d characters long","""Descrição"" possui mais de %d caracteres"
"""Title"" is more than %d characters long","""Título"" possui mais de %d caracteres"
"""id"" attribute is required for a ""%s"" field.","""id"" é obrigatório para o campo ""%s""."
"""line_count"" attribute is required for ""multiline"" element.","""line_count"" é obrigatório para campos ""multiline""."
"""message"" attribute is required for ""%s"" validator rule.","""message"" é obrigatório para validar regras ""%s""."
"%1$s has been added to your wishlist.","%1$s foi adicionado aos favoritos."
"%1$s incl tax.","%1$s incluindo imposto."
"%s API Key required.","%s Chave de API obrigatório."
"%s Application ID required.","%s ID da Aplicação obrigatório."
"%s Secret Key required.","%s Chave Secreta obrigatório."
"%s attribute is required.","%s atributo é obrigatório."
"%s has been added to your cart.","%s foi adicionado no carrinho."
"(Includes more countries than those listed below. As the application owner, you are responsible for complying with country-specific laws related to the distribution or sale of your application into that country, including your home country.)","(Possui mais países do que listado abaixo. Como proprietário do sistema, é sua responsabilidade cumprir com as leis específicas de cada país onde for distribuído ou vendido seu sistema, incluindo seu próprio país.)"
"*Subject to change","*Sujeito a alterações"
"10:40 AM","10:40 AM"
"80px x 80px","80px x 80px"
"80x80 px","80x80 px"
"<a href=""%s"" target=""_blank"">Login</a> to Urabn Airship.","<a href=""%s"" target=""_blank"">Login</a> para Urban Airship."
"A Catalog Only App will not support functions such as add to cart, add to wishlist, or login.","Um App Exclusivo de Catálogo não suporta funções como adicionar ao carrinho, favoritos, ou login."
"A new password has been sent.","Uma nova senha foi enviada."
"Account","Conta"
"Account confirmation is required. Please check your email for the confirmation link.","É preciso confirmar conta. Verifique seu Email e utilize o link de confirmação."
"Account information has been saved.","Informações de conta foram salvas."
"Action","Ação"
"Activate","Ativar"
"Activate PayPal Checkout","Ativar PayPal Checkout"
"Activate PayPal MECL","Ativar PayPal MECL"
"Activation Key","Chave de Ativação"
"Add App","Adicionar App"
"Add New Template","Adicionar Novo Template"
"Add Page","Adicionar Página"
"Add to Cart","Adicionar ao Carrinho"
"Add to Wishlist","Adicionar aos Favoritos"
"Additional Address","Endereço Adicional"
"Address","Endereço"
"Address 2","Endereço 2"
"Address data not specified.","Dados do endereço não informado."
"Address does not belong to this customer.","Endereço não pertence à este cliente."
"Address has been deleted.","Endereço foi excluido."
"Address has been saved.","Endereço foi salvo."
"Admin Application Settings","Configurações do App"
"Administrative contact for this app and for app submission issues.","Contato administrativo p/ este app e p/ envio de perguntas sobre o aplicativo."
"Advanced Settings","Opções Avançadas"
"After submitting the App, please contact <a href=""mailto:%1$s"">%1$s</a> to receive the Application Key, Application Secret and Application Master Secret.<br />Upon receiving these credentials, please fill in the corresponding fields.<br />In addition, please accept Urban Airship\'s Terms of Service: <a href=""%2$s"" target=""_blank"">click here</a>.","Depois de enviar o App, entre em contato <a href=""mailto:%1$s"">%1$s</a> para receber a chave do aplicativo, Aplicativo Secreto e Aplicativo Ultra Secreto.<br />Com estas credenciais, preencha os campos correspondentes.<br />Além disso, aceite os termos de serviço do Urban Airships: <a href=""%2$s"" target=""_blank"">clicando aqui</a>."
"AirMail Message Queue","AirMail Fila de Mensagem"
"AirMail Messages Queue","AirMail Fila de Mensagens"
"AirMail Template Preview","AirMail Pré-Visualizar Template"
"AirMail message","AirMail mensagem"
"AirMail templates","AirMail templates"
"All Allowed Countries","Todos os Países Permitidos"
"All locations","Todas localizações"
"An account with this email address already exists.","Já existe uma conta criada com este Email."
"An error occurred while adding item to wishlist.","Ocorreu um erro ao adicionar nos favoritos."
"An error occurred while deleting the address.","Ocorreu um erro ao excluir endereço."
"An error occurred while loading categories.","Ocorreu um erro ao carregar categorias."
"An error occurred while loading category filters.","Ocorreu um erro ao carregar os filtros de categoria."
"An error occurred while loading wishlist.","Ocorreu um erro ao carregar favoritos."
"An error occurred while processing your order. Please contact us or try again later.","Ocorreu um erro ao processar seu pedido. Entre em contato ou tente novamente."
"An error occurred while processing your request.","Ocorreu um erro ao processar sua solicitação."
"An error occurred while removing item from wishlist.","Ocorreu um erro na tentativa de remover o produto dos favoritos."
"An error occurred while removing items from wishlist.","Ocorreu um erro na tentativa de remover os produtos dos favoritos."
"Analytics","Analytics"
"Android","Android"
"Android doesn\'t support AirMail message type.","Android não possui suporte à mensagens do tipo AirMail."
"App Background","Background do App"
"App Background (landscape mode).","Background do App (paisagem)."
"App Background (portrait mode).","Background do App (retrato)."
"App Background <br />(landscape mode)","Background do App<br />(paisagem)"
"App Background <br />(portrait mode)","Background do App<br />(retrato)"
"App Background image missing.","Background do App faltando imagem."
"App Code","Código do App"
"App Information","Informação do App"
"App Name","Nome do App"
"App Stores","Lojas do App"
"App Submission History","Histórico de Envios do App"
"App Title","Título do App"
"App code required.","Código do App obrigatório."
"App does not exist.","App não existe."
"App has been deleted.","App foi excluido."
"App has been saved.","App foi salvo."
"App has been submitted.","App foi enviado."
"App model not loaded.","Modelo do App não carregado."
"App with specified code does not exist.","App não existe para o código informado."
"Appears in the info section of your app (example:  Copyright 2010 – Your Company, Inc.)","Aparece como informação do seu app (exemplo:  Copyright 2013 – Mario SAM, Inc.)"
"Application","Aplicativo"
"Application Key","Chave do Aplicativo"
"Application Master Secret","Ultra Segredo do Aplicativo"
"Application Name","Nome do Aplicativo"
"Application Secret","Segredo do Aplicativo"
"Are you sure you want to delete this theme? This change will affect all applications.","Deseja realmente excluir este tema? Esta ação irá afetar todos os aplicativos."
"Are you sure you want to do this?","Tem absoluta certeza?"
"Are you sure you whant to cancel a message?","Deseja realmente cancelar a mensagem?"
"Are you sure you whant to delete a message?","Deseja realmente exluir a mensagem?"
"Are you sure you what to cancel selected records?","Deseja realmente cancelar os registros selecionados?"
"Are you sure you what to delete selected records?","Deseja realmente excluir os registros selecionados?"
"As a Magento customer, Urban Airship is offering you unlimited Push Notifications and Rich Push for $100/year* along with a 60 day free trial.","Como  cliente Magento, Urban Airship oferece à você ilimitados alertas de notificações avisos por $100/ano* além de 60 dias gratuitos p/ testes."
"At last one application has to be created.","Ao menos um aplicatibo precisa ser criado."
"Authentication complete.","Autenticação completa."
"Back","Voltar"
"Back to App Edit","Voltar à Editar App"
"Background Color","Cor de Fundo"
"Balance","Balance"
"Balance Change","Alterar Balance"
"Balance History","Histórico Balance"
"Banner on Home Screen","Banner na Página Inicial"
"Banner on Home Screen (landscape mode) image missing.","Banner na Página Inicial (paisagem) faltando imagem."
"Banner on Home Screen (portrait mode) image missing.","Banner na Página Inicial (retrato) faltando imagem."
"Banner on Home Screen <br />(landscape mode)","Banner na Página Inicial <br />(paisagem)"
"Banner on Home Screen <br />(portrait mode)","Banner na Página Inicial <br />(retrato)"
"Banner on Home Screen image missing.","Banner na Página Inicial - faltando imagem."
"Billing Address","Endereço de Cobrança"
"Billing address has been set.","Endereço do cobrança foi informado."
"Buy %1$s for %2$s","Compre %1$s por %2$s"
"Buy %1$s for %2$s (%3$s incl. tax) each","Compre %1$s por %2$s (%3$s incluindo imposto) cada"
"Buy %1$s for %2$s each","Compre %1$s por %2$s cada"
"Buy %1$s with %2$s discount each","Compre %1$s com desconto de %2$s cada"
"Buyer country is not allowed by store.","País de origem do cliente não permitido pela loja."
"Cache Lifetime (seconds)","Ciclo de Vida do Cache (segundos)"
"Cache Management","Gerenciador de Cache"
"Can\'t add item to shopping cart.","Não foi possível adicionar o produto no carrinho."
"Can\'t apply the coupon code.","Não foi possível utilizar o cupom."
"Can\'t copy file ""%s"" to ""%s"".","Não foi possível copiar arquivo ""%s"" para ""%s""."
"Can\'t create wishlist.","Não foi possível criar favoritos."
"Can\'t delete ""%s"" theme.","Não foi possível excluir tema ""%s""."
"Can\'t load XML.","Não foi possível carregar XML."
"Can\'t load application with id ""%s""","Não foi possível carregar aplicativo com id ""%s"""
"Can\'t load cart info.","Não foi possível carregar informações do carrinho."
"Can\'t load cart.","Não foi possível carregar carrinho."
"Can\'t load customer form.","Não foi possível carregar formulário do cliente."
"Can\'t load default themes.","Não foi possível carregar tema padrão."
"Can\'t load selected theme. Please check your media folder permissions.","Não foi possível carregar tema selecionado. Verifique suas permissões de diretório."
"Can\'t open submission form.","Não foi possível abrir formulário de envio."
"Can\'t read file ""%s"".","Não foi possível ler arquivo ""%s""."
"Can\'t remove the item.","Não foi possível remover o produto."
"Can\'t reset theme.","Não foi possível reiniciar o tema."
"Can\'t save address.","Não foi possível salvar endereço."
"Can\'t save the customer.","Não foi possível salvar o cliente."
"Can\'t save theme.","Não foi possível salvar o tema."
"Can\'t show configuration.","Não foi possível exibir configuração."
"Can\'t specify product.","Não foi possível especificar o produto."
"Can\'t submit application.","Não foi possível enviar o aplicativo."
"Can\'t update cart.","Não foi possível atualizar o carrinho."
"Can\'t write to file ""%s"".","Não foi possível escrever no arquivo ""%s""."
"Cancel","Cancelar"
"Canceled","Cancelado"
"Cancelled","Cancelado"
"Cannot apply gift card.","Não foi possível utilizar o cartão de presente."
"Cannot load theme ""%s"".","Não foi possível carregar o tema ""%s""."
"Cannot redeem Gift Card.","Não foi possível resgatar o Cartão de Presente."
"Cannot remove gift card.","Não foi possível excluir o cartão de presente."
"Cannot save theme ""%s"". Incorrect data received","Não foi possível salvar o tema ""%s"". Dados recebidos incorretos"
"Card Verification Number","Número de Verificação do Cartão"
"Card verification number is wrong","Número de verificação do cartão não confere"
"Carrier","Transportadora"
"Cart","Carrinho"
"Cart has been updated.","Carrinho foi atualizado."
"Cart has some errors.","Carrinho possui alguns erros."
"Cart is empty.","Carrinho vazio."
"Catalog Only App?","Aplicativo Exclusivo Catálogo?"
"Category Button Color","Cor do Botão da Categoria"
"Category Item Background Color","Cor de Fundo do Item da Categoria"
"Chairs","Cadeiras"
"Change Orientation","Alterar Orientação"
"Change Password","Alterar Senha"
"Changes have been saved to theme.","As alterações do tema foram salvas."
"Checkout has been initialized.","Checkout foi inicializado."
"City","Cidade"
"Color Themes","Cores dos Temas"
"Colors","Cores"
"Company","Empresa"
"Completed","Completado"
"Confirm New Password","Confirmar Nova Senha"
"Confirm Password","Confirmar Senha"
"Contact Email","Email de Contato"
"Contact Information","Informações de Contato"
"Container is not defined.","Container não foi informado."
"Content","Conteúdo"
"Copyright","Copyright"
"Copyright Page Logo","Logo na Página de Copyright"
"Copyright Page Logo <br />(iPhone 4 retina)","Logo na Página de Copyright <br />(iPhone 4 retina)"
"Countries Payment Applicable From","Pagamento Permitido p/ Países"
"Country","País"
"Country options don\'t recognized for ""%s"".","Opções do País não foram reconhecidas para ""%s""."
"Coupon code %s is not valid.","Cupom %s não é válido."
"Coupon code %s was applied.","Cupom %s foi resgatado."
"Coupon code is empty.","Cupom em branco."
"Coupon code was canceled.","Cupom foi cancelado."
"Creating a Template is allowed only for applications which have device type iPhone.","Criando um Template que permite apenas aplicativos do tipo iPhone."
"Credit Card","Cartão de Crédito"
"Credit Card %s","Cartão de Crédito %s"
"Credit Card Number","Número do Cartão de Crédito"
"Credit Card Type","Tipo de Cartão de Crédito"
"Credit card number does not match credit card type.","Número do cartão de crédito não é compatível com tipo de cartão."
"Current Balance: %s","Saldo Atual: %s"
"Current Password","Senha Atual"
"Currently, PayPal MEP is not available for the Android application","Atualmente, PayPal MEP não está disponível para aplicações Android"
"Custom App Icon","Icone App Personalizado"
"Custom App Icon <br />(iPhone 4 retina)","Icone de App Personalizado <br />(iPhone 4 retina)"
"Custom Colors","Cores Personalizadas"
"Customer authentication problem.","Problemas na autenticação de cliente."
"Customer balance available in enterprise version of Magento only.","Saldo do cliente disponível apenas na versão Enterprise do Magento."
"Customer balance is disabled for current store","Saldo do cliente desabilitado para a loja atual"
"Customer email not specified.","Email de cliente não informado."
"Customer logout problem.","Problemas ao desconectar cliente."
"Customer not logged in.","Cliente não conectado."
"DD","DD"
"Date","Data"
"Date Created","Data de Criação"
"Date Submitted","Data de Envio"
"Date Updated","Data de Atualização"
"Day","Dia"
"Deeper Messaging and Engagement with Rich Push.","Mensagens Detalhadas e Acompanhamento com Notifiações Rich Push."
"Default Billing Address","Endereço de Cobrança Padrão"
"Default Shipping Address","Endereço de Envio Padrão"
"Default Theme","Tema Padrão"
"Delete","Excluir"
"Delete theme","Excluir tema"
"Deleted","Excluído"
"Description","Descrição"
"Description that appears in Android Market. %s chars maximum. ","Descrição a ser exibida em aparelhos Android. %s máximo de caracteres. "
"Description that appears in the iTunes App Store. 4000 chars maximum. ","Descrição a ser exibida no iTunes App Store. Máximo de 4.000 caracteres. "
"Deselect All","Desmarcar Todos"
"Design","Desenho"
"Device","Dispositivo"
"Device Information","Informação do Dispositivo"
"Device Type","Tipo de Dispositivo"
"Device doesn\'t recognized. Unable to load a template.","Dispositivo não reconhecido. Não foi possível carregar o template."
"Device doesn\'t recognized: ""%s"". Unable to load a helper.","Dispositivo não reconhecido: ""%s"". Não foi possível carregar ajuda."
"Device doesn\'t recognized: ""%s"". Unable to load preview model.","Dispositivo não reconhecido: ""%s"". Não foi possível carregar modelo."
"Edit","Editar"
"Edit AirMail Message","Editar Mensagem AirMail"
"Edit AirMail Message Queue #%s","Editar Fila de Mensagem AirMail #%s"
"Edit App ""%s""","Editar App ""%s"""
"Edit Filter","Editar Filtro"
"Edit Template ""%s""","Editar Template ""%s"""
"Element with id %s already exists","Elemento com id %s já existe"
"Email","Email"
"Email Address","Email"
"Enable AirMail Message Push notification","Habilitar notificação de mensagem AirMail Push"
"Enable Facebook","Habilitar Facebook"
"Enable Flurry Analytics","Habilitar Flurry Analytics"
"Enable Flurry Analytics for the merchant.","Habilitar Flurry Analytics para empresas."
"Enable LinkedIn","Habilitar LinkedIn"
"Enable Standard Checkout","Habilitar Standard Checkout"
"Enable Twitter","Habilitar Twitter"
"Error while processing file ""%s"".","Erro ao processar arquivo ""%s""."
"Error while reading data from Payment Bridge. Please, try again.","Erro ao ler dados de conexão de Pagamento. Tente novamente."
"Error while uploading file ""%s"".","Erro ao enviar arquivo ""%s""."
"Error while uploading file ""%s"". Disallowed file type. Only ""jpg"", ""jpeg"", ""gif"", ""png"" are allowed.","Erro ao enviar arquivo ""%s"". Tipo de arquivo não permitido. Apenas ""jpg"", ""jpeg"", ""gif"", ""png"" são permitidos."
"Error.","Erro."
"Expiration Date - Month","Expira na Data – Mês"
"Expiration Date - Year","Expira na Data – Ano"
"Expires: %s","Expira: %s"
"Extend the life of your app with Urban Airship Push Notifications.","Prolongue a vida do seu app usando notificações Urban Airship Push."
"Extensions","Extensões"
"FILTERS APPLIED","FILTROS APLICADOS"
"Facebook API","API Facebook"
"Facebook Application ID","ID de Aplicação do Facebook"
"Fax","Celular"
"File can\'t be uploaded.","Arquivo não foi enviado."
"File doesn\'t exist ""%s"".","Arquivo não existe ""%s""."
"First Name","Nome"
"Flurry API Code","API Flurry Code"
"Flurry Analytics","Flurry Analytics"
"Flurry Analytics Site","Flurry Analytics Site"
"Fonts","Fontes"
"Free","Grátis"
"Funk Leaf","Folha Funk"
"General","Geral"
"Get Content from CMS Page","Obter Conteúdo p/ Página CMS"
"Gift Card ""%s"" was added.","Cartão Presente ""%s"" foi adicionado."
"Gift Card ""%s"" was redeemed.","Cartão Presente ""%s"" foi resgatado."
"Gift Card ""%s"" was removed.","Cartão Presente ""%s"" foi removido."
"Gift Card (%s)","Cartão Presente (%s)"
"Gift Card amount applied to order: %s","Valor do Cartão Presente utilizado no pedido: %s"
"Gift Card code is empty.","Cartão Presente em branco."
"Gift Card: %s","Cartão Presente: %s"
"Gift card account available in enterprise version of Magento only.","Conta de Cartão Presente disponível apenas na versão Enterprise do Magento."
"Grand Total (Excl. Tax)","Valor Total (Excl. Imposto)"
"Grand Total (Incl. Tax)","Valor Total (Incl. Imposto)"
"Guest","Visitante"
"Header Background Color","Cor de Fundo do Cabeçalho"
"Header Font Color","Cor da Fonte do Cabeçalho"
"High Resolution Application Icon","Icone da Aplicação em Alta Resolução"
"Home","Início"
"Hot Red","Hot Red"
"How do you rate this product?","Como você avalia este produto?"
"How to incorporate Urban Airship within your application:","Como conectar Urban Airship ao seu aplicativo:"
"ID","ID"
"Icon that will appear on the user\'s device after they download your app. Recommended size: 48px x 48px.","Icone que será exibido no aparelho do usuário depois que ele baixar seu app. Tamanho recomendado: 48px x 48px."
"Icon that will appear on the user\'s device after they download your app. You do not need to apply a gradient or soft edges (this is done automatically by Apple). Recommended size: 72px x 72px.","Icone que será exibido no aparelho do usuário depois que ele baixar seu app. Não é preciso aplicar efeitos de gradiente ou similares (isso é feito automaticamente pela Apple). Tamanho recomendado: 72px x 72px."
"Icon that will appear on the user\'s phone after they download your app. You do not need to apply a gradient or soft edges (this is done automatically by Apple). Recommended size: 114px x 114px.","Icone que será exibido no telefone do usuário depois que ele baixar seu app. Não é preciso aplicar efeitos de gradiente ou similares (isso é feito automaticamente pela Apple). Tamanho recomendado: 114px x 114px."
"Icon that will appear on the user’s phone after they download your app.  You do not need to apply a gradient or soft edges (this is done automatically by Apple).  Recommended size: 57px x 57px at 72 dpi.","Icone que será exibido no telefone do usuário depois que ele baixar seu app. Não é preciso aplicar efeitos de gradiente ou similares (isso é feito automaticamente pela Apple).  Tamanho recomendado: 57px x 57px at 72 dpi."
"Icons","Icones"
"If leave this field empty, the message will be sent immediately","Se o campo ficar em branco, a mensagem será enviada imediatamente"
"If you want to disable the cache on the application side, leave the field empty. Warning! When disabling cache, the application will take time to load each page.","Se você quiser desabilitar o cache do sistema, deixe o campo em branco. Atenção! Ao desabilitar o cache, o aplicativo levará mais tempo para carregar cada página."
"Image file was not found.","Imagem não encontrada."
"Image that appears on first screen while your app is loading. Required size: 320px x 460px.","Imagem exibida na primeira tela, enquanto seu app é carregado. Tamanho exigido: 320px x 460px."
"Image that appears on first screen while your app is loading. Required size: 320px x 455px.","Imagem exibida na primeira tela, enquanto seu app é carregado. Tamanho exigido: 320px x 455px."
"Image that appears on first screen while your app is loading. Required size: 320px x 460px.","Imagem exibida na primeira tela, enquanto seu app é carregado. Tamanho exigido: 320px x 460px."
"Image that appears on first screen while your app is loading. Required size: 640px x 920px.","Imagem exibida na primeira tela, enquanto seu app é carregado. Tamanho exigido: 640px x 920px."
"Image that appears on first screen while your app is loading. Required size: 768px x 1024px.","Imagem exibida na primeira tela, enquanto seu app é carregado. Tamanho exigido: 768px x 1024px."
"Images","Imagens"
"In Queue","Na Fila"
"In Stock","Em Estoque"
"In addition, click here to review Urban Airship\'s Terms of Service: <a href=""%s"" target=""_blank"">click here</a>.","Você pode revisar os termos de serviço da Urban Airships: <a href=""%s"" target=""_blank"">clicando aqui</a>."
"In order to resubmit your app, you need to first purchase a <a href=""%s"" target=""_blank"">%s</a> from MagentoCommerce","No pedido para reenviar seu app, você precisa primeiro comprar um <a href=""%s"" target=""_blank"">%s</a> do MagentoCommerce"
"In order to submit your app, you need to first purchase a <a href=""%s"" target=""_blank"">%s</a> from MagentoCommerce","No pedido para enviar seu app, você precisa primeiro comprar um <a href=""%s"" target=""_blank"">%s</a> do MagentoCommerce"
"Inactive Tabs","Tabs Inativas"
"Invalid XML.","XML Inválido."
"Invalid current password.","Senha atual inválida."
"Invalid customer data.","Dados do cliente inválido."
"Invalid data.","Dados inválidos."
"Invalid email address.","Email inválido."
"Invalid item or wishlist.","Produto ou favoritos inválido."
"Invalid login or password.","Login ou senha inválida."
"Invalid shipping method.","Forma de envio inválido."
"Issue Number","Número de Segurança"
"It\'s not allowed to delete submitted application.","Não é permitido excluir aplicativo enviado."
"Item has been added to cart.","Produto foi adicionado ao carrinho."
"Item has been deleted from cart.","Produto foi removido do carrinho."
"Item has been removed from wishlist.","Produto foi removido dos favoritos."
"Items were updated. But can\'t update wishlist.","Produtos atualizados. Mas não atualizados nos favoritos."
"Key","Chave"
"Keywords","Palavras-Chave"
"Label","Descrição"
"Large iTunes Icon","Icone Grande iTunes"
"Large icon that appears in the iTunes App Store. You do not need to apply a gradient or soft edges (this is done automatically by Apple). Required size: 512px x 512px.","Icone Grande que aparece no iTunes App Store. Você não precisa aplicar efeitos gradiente e similares (isso é feito automaticamente pela Apple). Tamanho exigido: 512px x 512px."
"Last Name","Sobrenome"
"LinkedIn API","API LinkedIn"
"LinkedIn API Key","API Chave LinkedIn"
"LinkedIn Secret Key","Chave Secreta LinkedIn"
"Loader Splash Screen","Carregar Tela de Apresentação"
"Loader Splash Screen <br />(iPhone 4 retina)","Carregar Tela de Apresentação <br />(iPhone 4 retina)"
"Loader Splash Screen <br />(landscape mode)","Carregar Tela de Apresentação <br />(paisagem)"
"Loader Splash Screen <br />(portrait mode)","Carregar Tela de Apresentação <br />(retrato)"
"Loading Preview...","Carregando Pré-Visualização..."
"Locations","Locais"
"Log In","Entrar"
"Login and password are required.","Login e senha são obrigatórios."
"Logo in Header","Logo no Cabeçalho"
"Logo in Header image missing.","Logo no Cabeçalho faltando imagem."
"Logout complete.","Totalmente desconectado."
"M.I.","M.I."
"MEP is PayPal\'s native checkout experience for the iPhone. You can choose to use MEP alongside standard checkout, or use it as your only checkout method for Magento mobile. PayPal MEP requires a <a href=""%s"">PayPal business account</a>","MEP é nativo do checkout PayPal p/ iPhone. Você pode escolher usar MEP junto com checkout padrão, ou suar apenas métodos de pagamento do checkout p/ Magento mobile. PayPal MEP requer um <a href=""%s"">conta empresarial PayPal</a>"
"MM","MM"
"Mailbox title","Título Mailbox"
"Main Tabs","Tabs Principais"
"Make Inactive","Tornar Inativo"
"Make this app available in the following territories","Tornar este app disponível nos seguintes territórios"
"Manage Apps","Gerenciar Apps"
"Manage Mobile App","Gerenciar Mobile App"
"Maximum length is 140","Tamanho máximo é 140"
"Maximum length is 255","Tamanho máximo é 255"
"Merchant Label","Descrição da Empresa"
"Message Queue","Fila da Mensagem"
"Message Settings","Configurações da Mensagem"
"Message Templates","Templates de Mensagem"
"Message Title","Título da Mensagem"
"Message Type","Tipo da Mensagem"
"Message can be edited when status of the message is ""In Queue"" only.","Messagem pode ser editada apenas quando o status estiver como ""Na Fila""."
"Message content","Conteúdo da mensagem"
"Message title","Título da mensagem"
"Mobile","Mobile"
"Mobile Express Checkout has been canceled.","Mobile Express Checkout foi cancelado."
"Mobile Express Checkout processed successfully.","Mobile Express Checkout processado com sucesso."
"Month","Mês"
"More","Mais"
"More Info","Mais Info"
"More Tabs","Mais Tabs"
"Name on Card","Nome no Cartão"
"Name that appears beneath your app when users install it to their device. We recommend choosing a name that is 10-12 characters and that your customers will recognize.","Nome que aparece abaixo do seu aplicativo quando o usuário instalar no dispositivo. Recomendamos escolher um nome entre 10-12 caracteres e que seus clientes irão reconhecer."
"New AirMail Message","Nova Mensagem AirMail"
"New AirMail Message Queue","Nova Fila de Mensagem AirMail"
"New App","Novo App"
"New Password","Nova Senha"
"New Template","Novo Template"
"Nickname","Apelido"
"No Payment Information Required","Nenhuma Informação de Pagamento Necessária"
"No items were specifed to update.","Nenhum item selecionado para atualização."
"No items were updated.","Nenhum item foi atualizado."
"No product selected.","Nenhum produto selecionado."
"No shipping method required.","Nenhuma forma de entrega necessário."
"No such file ""%s"".","Nenhum arquivo semelhante ""%s""."
"Not Submitted","Não Enviado"
"Notice","Aviso"
"One or more keywords that describe your app. Keywords are matched to users` searches in the App Store and help return accurate search results. Separate multiple keywords with commas. 100 chars is maximum.","Uma ou mais palavras-chave que descrevem seu app. Palavras-chave são usadas pelos usuários nas buscas do App Store e ajudam nos resultados de busca. Utilize várias palavras usando vírgula. 100 caracteres é o máximo."
"Onepage checkout is disabled.","Página de checkout foi desabilitado."
"Only custom theme can be deleted","Apenas temas personalizados podem ser excluidos"
"Only default theme can be reset","Apenas tema padrão pode ser reiniciado"
"Only free apps are allowed in this version.","Apenas apps grátis são permitidas nessa versão."
"Only registered users can write reviews. Please, log in or register.","Apenas usuários registrados podem escrever resenhas. Faça login ou cadastre-se."
"Options menu items","Opções dos itens do menu"
"Order #%s - %s","Pedido #%s - %s"
"Order Date: %s","Data do Pedido: %s"
"Order id is not specified.","Pedido não foi informado."
"Order is not available.","Pedido não está disponível."
"Ordered","Pedido"
"Output format is not specified. Please, specify ""format"" key in constructor, or set it using setFormat().","Formato de saída não foi informado. Informe um ""formato"" chave no construtor, ou faça através do setFormat()."
"POST data is not valid.","Dados do POST inválidos."
"Pages","Páginas"
"Password","Senha"
"Password fields cannot be empty.","Campo senha deve ser preenchido."
"PayPal MECL is the mobile version of PayPal\'s Express Checkout service. You can choose to use MECL alongside standard checkout, or use it as your only checkout method for Magento Mobile.","PayPal MECL é a versão mobile do serviço PayPal Express Checkout. Você pode usar MECL junto com checkout padrão, ou usar como único modelo de checkout para Magento Mobile."
"PayPal MEP","PayPal MEP"
"PayPal Mobile Embedded Payment (MEP)","PayPal Pagamento Mobile Incorporado (MEP)"
"PayPal Mobile Express Checkout","PayPal Mobile Express Checkout"
"PayPal Mobile Express Checkout Library (MECL)","PayPal Biblioteca Mobile Express Checkout (MECL)"
"PayPal Mobile Express Checkout Token does not exist.","PayPal Mobile Express Checkout Token não existe."
"Payer Email: %s","Email do Comprador: %s"
"Payment Applicable From","Pagamento Feito De"
"Payment Bridge module unavailable.","Módulo de Conexão de Pagamento indisponível."
"Payment Method","Forma de Pagamento"
"Payment Method has been set.","Forma de Pagamento foi informado."
"Payment Methods","Formas de Pagamento"
"Payment method was successfully set.","Forma de pagamento foi informado com sucesso."
"Paypal MEP doesn\'t support checkout with any discount.","Paypal MEP não suporta checkout com qualquer desconto."
"Please <a href=""%s"" target=""_blank"">click here</a> to see how to setup and retrieve API credentials.","Clique <a href=""%s"" target=""_blank"">aqui</a> para ver como configurar e recuperar a API de credencial."
"Please Select Application","Selecione Aplicativo"
"Please Select Device Type","Selecione um Tipo de Dispositivo"
"Please agree to all the terms and conditions before placing the order.","Aceite todos os termos e condições antes de efetuar o pedido."
"Please create and save an application first.","Crie e salve um aplicativo primeiro."
"Please enter ""App Title"".","Informe ""Título do App""."
"Please enter a valid URL. Protocol is required (http://, https:// or ftp://)","Digite uma URL válida. Protocolo obrigatório (http://, https:// ou ftp://)"
"Please enter a valid date.","Informe uma data válida."
"Please enter a valid email address. For example johndoe@domain.com.","Informe um Email válido. Exemplo professor@escolamagento.com."
"Please enter issue number or start date for switch/solo card type.","Informe número de segurança ou data de início para tipo de cartão switch/solo."
"Please enter the Activation Key.","Informe a Chave de Ativação."
"Please enter the Copyright.","Informe o Copyright."
"Please enter the Description.","Informe a Descrição."
"Please enter the Price.","Informe o Preço."
"Please enter the Resubmission Key.","Informe a Chave de Reenvio."
"Please enter the Title.","Informe o Título."
"Please make sure your passwords match.","Verifique as senhas."
"Please select an option.","Selecione uma opção."
"Please select at least one country.","Selecione ao menos um País."
"Please upload  an image for ""App Background (landscape mode)"" field from Design Tab.","Envie uma imagem para o campo ""App Background (paisagem)"" Tab de Desenho."
"Please upload  an image for ""App Background (portrait mode)"" field from Design Tab.","Envie uma imagem para o campo ""App Background (retrato)"" Tab de Desenho."
"Please upload  an image for ""App Background"" field from Design Tab.","Envie uma imagem para o campo ""App Cor de Fundo"" Tab de Desenho."
"Please upload  an image for ""Banner on Home Screen (landscape mode)"" field from Design Tab.","Envie uma imagem para o campo ""Banner na Página Inicial (paisagem)"" Tab de Desenho."
"Please upload  an image for ""Banner on Home Screen (portrait mode)"" field from Design Tab.","Envie uma imagem para o campo ""Banner na Página Inicial (retrato)"" Tab de Desenho."
"Please upload  an image for ""Banner on Home Screen"" field from Design Tab.","Envie uma imagem para o campo ""Banner na Página Inicial"" Tab de Desenho."
"Please upload  an image for ""Logo in Header"" field from Design Tab.","Envie uma imagem para o campo ""Logo no Cabeçalho"" Tab de Desenho."
"Please use letters only (a-z or A-Z) in this field.","Utilize apenas letras neste campo (a-z ou A-Z)."
"Please use numbers only in this field. Please avoid spaces or other characters such as dots or commas.","Utilize apenas números neste campo. Evite espaços ou outros caracteres como pontos ou vírgulas."
"Please use only letters (a-z or A-Z) or numbers (0-9) only in this field. No spaces or other characters are allowed.","Utilize apenas letras (a-z or A-Z) ou números (0-9) neste campo. Espaços ou outros caracteres não serão permitidos."
"Prefix","Prefixo"
"Preset Theme","Tema Predefinido"
"Preview","Pré-Visualizar"
"Price","Preço"
"Price Font Color","Cor da Fonte Preço"
"Primary Color","Cor Primária"
"Primary Font Color","Cor Primária da Fonte"
"Problem changing or sending password.","Problema ao alterar ou enviar senha."
"Product Name3 ","Produto Name3 "
"Product Name3 1","Produto Name3 1"
"Product Name3 2","Produto Name3 2"
"Product is unavailable.","Produto não disponível."
"Product was not specified.","Produto não foi informado."
"Product(s) currently out of stock.","Produto(s) sem estoque no momento."
"Purchase Order Number","Número do Pedido de Compra"
"Push Notification","Notificação Push"
"Push Notifications allow you to send messages directly to the people who have installed your app on their device. Send messages to your full audience even when your app is closed. Push Notifications are one of the best ways to keep your app active by delivering valuable content directly to your customers. Learn more about Push Notifications - <a href=""%1$s"" target=""_blank"">%1$s</a>","Notificações Push permitem que você envie mensagens diretamente às pessoas que instalaram seu app em seus dispositivos. Envie mensagens para todos os clientes mesmo quando seu app estiver fechado. Notificações Push são uma das melhores formas de manter seu app ativo, entregando constantemente conteúdo relevante diretamente à seus clientes. Saiba mais em Notificações Push - <a href=""%1$s"" target=""_blank"">%1$s</a>"
"Push Title","Título do Push"
"Push message","Mensagem do Push"
"Push title","Título do push"
"Queue Date","Data da Fila"
"Queue Message","Mensagem da Fila"
"Queue does not exist.","Fila não existe."
"Queue is allowed only for applications with enabled Push Notification.","Fila é permitido apenas para aplicativos que possuem Notificação Push habilitado."
"Quote instance is required.","Instância da Fila é obrigatória."
"Recipient Information","Informação do Destinatário"
"Recommended size 1024px x 344px. Note: Image size affects the performance of your app.","Tamanho recomendado 1024px x 344px. Nota: Tamanho da imagem afeta a performance de seu app."
"Recommended size 1024px x 704px. Note: Image size affects the performance of your app.","Tamanho recomendado 1024px x 704px. Nota: Tamanho da imagem afeta a performance de seu app."
"Recommended size 320px x 230px. Note: Image size affects the performance of your app. Keep your image size below 50 KB for optimal performance.","Tamanho recomendado 320px x 230px. Nota: Tamanho da imagem afeta a performance de seu app. Mantenha sua imagem abaixo de 50 KB para melhor performance."
"Recommended size 320px x 258px. Note: Image size affects the performance of your app. Keep your image size below 50 KB for optimal performance.","Tamanho recomendado 320px x 258px. Nota: Tamanho da imagem afeta a performance de seu app. Mantenha sua imagem abaixo de 50 KB para melhor performance."
"Recommended size 320px x 367px. Note: Image size affects the performance of your app. Keep your image size below 75 KB for optimal performance.","Tamanho recomendado 320px x 367px. Nota: Tamanho da imagem afeta a performance de seu app. Mantenha sua imagem abaixo de 75 KB para melhor performance."
"Recommended size 35px x 35px.","Tamanho recomendado 35px x 35px."
"Recommended size 768px x 294px. Note: Image size affects the performance of your app.","Tamanho recomendado 768px x 294px. Nota: Tamanho da imagem afeta a performance de seu app."
"Recommended size 768px x 960px. Note: Image size affects the performance of your app.","Tamanho recomendado 768px x 960px. Nota: Tamanho da imagem afeta a performance de seu app."
"Redemption functionality is disabled.","Funcionalidade de resgatar está desabilitado."
"Refunded","Reembolsado"
"Regular and confirmation passwords must be equal","A senha e o campo de confirmação precisam ser iguais"
"Related Product Background Color","Cor de Fundo do Produto Relacionado"
"Request internal error.","Erro no processamento interno."
"Reset theme to default","Reiniciar o tema p/ o padrão"
"Resubmission Key","Reenviar Chave"
"Resubmit App","Reenviar App"
"Review","Revisar"
"Rich Push allows you to create and send engaging experiences by adding HTML and other rich media components to your push notifications. Moving beyond alerts and badge updates, Rich Push takes users into the app while displaying content in a customizable WebKit view. Create branded messages that engage your users with new content and information, all without having to update your app. Learn more about Rich Push - <a href=""%1$s"" target=""_blank"">%1$s</a>","Rich Push permite que você crie e envie experiências atraentes ao adicionar HTML e outras mídias interativas às suas notificações push. Indo além de alertas e selos de atualização, Rich Push leva os usuários para dentro do app enquanto exibe conteúdo personalizado na visualização do WebKit. Crie mensagens marcantes que conquistem seus usuários com novos conteúdos e informação, tudo sem precisar atualizar seu app. Saiba mais sobre Rich Push - <a href=""%1$s"" target=""_blank"">%1$s</a>"
"SORT BY:","ORDEM:"
"Save","Salvar"
"Save As","Salvar Como"
"Save Theme","Salvar Tema"
"Save and Continue Edit","Salvar e Continuar Editando"
"Save and Submit App","Salvar e Enviar App"
"Save in address book","Salvar no livro de endereços"
"Screens:","Telas:"
"Scroll Background Color","Cor de Fundo da Barra de Rolagem"
"Search","Procurar"
"Secondary Color","Cor Secundária"
"Secondary Font Color","Cor Secundária da Fonte"
"Select All","Selecionar Todos"
"Selected product is unavailable.","Produto selecionado não está disponível."
"Sender Information","Informação do Remetente"
"Settings","Configurações"
"Shipped","Entregue"
"Shipping Address","Endereço de Entrega"
"Shipping Method","Forma de Envio"
"Shipping address has been set.","Endereço de entrega foi informado."
"Shipping method has been set.","Forma de envio foi informado."
"Shipping method is required","Forma de envio é obrigatório"
"Shipping method successfully updated","Forma de envio atualizado com sucesso"
"Shipping to this address is not possible.","Não é possível entregar neste endereço."
"Shop","Shop"
"Shopping cart is empty.","Carrinho vazio."
"Sky Blue","Sky Blue"
"Social Networking","Social Networking"
"Some emails were not sent.","Alguns Emails não foram enviados."
"Sorry, no payment options are available for this order at this time.","Nenhuma opção de pagamento está disponível para este pedido no momento."
"Sorry, no quotes are available for this order at this time.","Nenhum adendo disponível para este pedido no momento."
"Specific Countries","Países Específicos"
"Specified address does not exist.","Endereço informado não existe."
"Specified invalid app code.","Código de app inválido."
"Specified invalid data.","Dados inválidos."
"Specified item does not exist in wishlist.","Produto informado não existe nos favoritos."
"Standard Checkout","Checkout Padrão"
"Standard Checkout uses the checkout methods provided by Magento. Only inline payment methods are supported. (e.g PayPal Direct,  Authorize.Net, etc.)","Checkout padrão usado no meios de checkout disponibilizados pela Magento. Apenas formas de pagamento online são permitidos. (ex. PayPal Direct,  Authorize.Net, etc.)"
"Start Date","Data de Início"
"Start Date - Month","Data de Início – Mês"
"Start Date - Year","Data de Início – Ano"
"State/Province","Estado"
"Status","Status"
"Store Credit payment is not being used in your shopping cart.","Pagamento de Crédito na Loja não está sendo utilizado no seu carrinho."
"Store View","Visão de Loja"
"Store logo that is displayed on copyright page of app. Preferred size: 100px x 100px.","Logo da loja à ser exibido na página de copyright do app. Tamanho recomendado: 100px x 100px."
"Store logo that is displayed on copyright page of app. Preferred size: 200px x 200px.","Logo da loja à ser exibido na página de copyright do app. Tamanho recomendado: 200px x 200px."
"Street Address","Rua  "
"Street Address %s","Rua %s"
"Submission","Enviando"
"Submission Fields","Campos de Envio"
"Submission History","Histórico de Envios"
"Submit App","Enviar App"
"Submit App ""%s""","Enviar App ""%s"""
"Submit App failure. %s","Falha ao enviar App. %s"
"Submit App failure. Invalid activation key provided","Falha ao enviar App. Chave de ativação informada é inválida"
"Submitted","Enviado"
"Subtotal (Excl. Tax)","Subtotal (Excl. Imposto)"
"Subtotal (Incl. Tax)","Subtotal (Incl. Imposto)"
"Suffix","Sufixo"
"Summary of Your Review","Resumo da Sua Análise"
"T-Shirts","Camisetas"
"Tabs","Tabs"
"Tax","Imposto"
"Telephone","Telefone"
"Tell a Friend","Avise um Amigo"
"Tell a Friend is disabled.","Avise um Amigo está desabilitado."
"Tell a Friend link has been sent.","Link p/ avisar amigo foi enviado."
"Template","Template"
"Template Content","Conteúdo do Template"
"Template Name","Nome do Template"
"Template does not exist.","Template não existe."
"Template for new AirMail Message does not exist.","Template para nova mensagem AirMail não existe."
"Template has been deleted.","Template foi excluído."
"Text length does not satisfy specified max text range.","Tamanho do texto não preenche o intervalo de texto máximo."
"Text length does not satisfy specified min text range.","Tamanho do texto não preenche o intervalo de texto mínimo."
"Thank you for registering!","Obrigado por se cadastrar!"
"Thank you for your purchase! ","Agradecemos a preferência! "
"The Mailbox title will be shown in the More Info tab. To understand more about the title, please <a target=""_blank"" href=""http://www.magentocommerce.com/img/product/mobile/helpers/mail_box_title.png"">click here</a>","O título do Mailbox será exibido em Informações de tab. Para entender melhor sobre o título, clique <a target=""_blank"" href=""http://www.magentocommerce.com/img/product/mobile/helpers/mail_box_title.png"">aqui</a>"
"The icon that appears in the Android Market. Recommended size: 512px x 512px. Maximum size: 1024 KB.","O ícone que será exibido na loja Android. Tamanho recomendado: 512px x 512px. Peso máximo: 1024 KB."
"The store credit payment has been removed from shopping cart.","O pagamento de crédito na loja foi removido do carrinho."
"Theme configurations are successfully reset.","Configurações do Tema foram reiniciados com sucesso."
"Theme has been created.","Tema foi criado."
"Theme has been delete.","Tema foi excluido."
"Theme label can\'t be empty","Descrição do Tema não pode ser branco"
"Theme label:","Descrição do Tema:"
"Theme name is not set.","Nome do Tema não foi informado."
"There were some problems with the data.","Existem alguns problemas com as informações."
"This email address was not found in our records.","Este Email não foi encontrado em nossos registros."
"This is a required field.","Este campo é obrigatório."
"Title","Título  "
"Title bar","Título da Barra"
"To activate PayPal MEP payment method activate Express checkout first. ","Para ativar o PayPal MEP, primeiro é preciso ativar o checkout Express. "
"Token has not been set.","Token não foi informado."
"Total incl. Tax: %1$s","Total incl. Imposto: %1$s"
"Twitter API","API Twitter"
"Twitter API Key","API Chave Twitter"
"Twitter Secret Key","Chave Secreta Twitter"
"Unable to cancel Mobile Express Checkout.","Não foi possível cancelar Mobile Express Checkout."
"Unable to cancel queue.","Não foi possível cancelar a lista."
"Unable to collect cart totals.","Não foi possível coletar o total do carrinho."
"Unable to delete queue.","Não foi possível excluir a fila."
"Unable to find an app to delete.","Não foi possível encontrar o app para excluir."
"Unable to find template to delete.","Não foi possível encontrar template para excluir."
"Unable to get shipping methods list.","Não foi possível obter lista de formas de envio."
"Unable to initialize MEP Checkout.","Não foi possível inicializar Checkout MEP."
"Unable to initialize PayPal Mobile Express Checkout.","Não foi possível inicializar PayPal Mobile Express Checkout."
"Unable to initialize express checkout review.","Não foi possível inicializar revisão do express checkout."
"Unable to initialize express checkout shipping method list.","Não foi possível inicializar lista de formas de envio do express checkout."
"Unable to initialize return action.","Não foi possível inicializar ação de retorno."
"Unable to load addresses.","Não foi possível carregar endereços."
"Unable to load application form.","Não foi possível carregar formulário de aplicação."
"Unable to load billing address form.","Não foi possível carregar formulário de endereço de cobrança."
"Unable to load billing address.","Não foi possível carregar endereço de cobrança."
"Unable to load categories.","Não foi possível carregar categorias."
"Unable to load checkout.","Não foi possível carregar checkout."
"Unable to load order list.","Não foi possível carregar lista de pedidos."
"Unable to load order review.","Não foi possível carregar análise de pedidos."
"Unable to load product gallery.","Não foi possível carregar galeria de imagens do produto."
"Unable to load product info.","Não foi possível carregar informação do produto."
"Unable to load product options.","Não foi possível carregar opções do produto."
"Unable to load product review.","Não foi possível carregar análise do produto."
"Unable to load product reviews.","Não foi possível carregar análises do produto."
"Unable to load review form.","Não foi possível carregar formulário de análise."
"Unable to load search.","Não foi possível carregar busca."
"Unable to load shipping address form.","Não foi possível carregar formulário de endereço de entrega."
"Unable to place the order.","Não foi possível realizar o pedido."
"Unable to post the review.","Não foi possível enviar análise."
"Unable to process preview.","Não foi possível processar a pré-visualização."
"Unable to render a gift card account.","Não foi possível apresentar uma conta de cartão presente."
"Unable to render an order.","Não foi possível apresentar um pedido."
"Unable to render the store credits.","Não foi possível apresentar créditos da loja."
"Unable to save app.","Não foi possível salvar app."
"Unable to save message.","Não foi possível salvar a mensagem."
"Unable to save shipping address.","Não foi possível salvar endereço de entrega."
"Unable to save shipping method.","Não foi possível salvar forma de envio."
"Unable to save template.","Não foi possível salvar o template."
"Unable to start MEP Checkout.","Não foi possível iniciar Checkout MEP."
"Unable to start Mobile Express Checkout.","Não foi possível iniciar Mobile Express Checkout."
"Unable to update shipping method.","Não foi possível atualizar forma de envio."
"Undefined","Indefinido"
"Unknown Error","Erro Desconhecido"
"Unknown Error.","Erro Desconhecido."
"Unsupported character in path: ""%s""","Caracter não suportado no caminho: ""%s"""
"Unsupported value type received","Tipo de valor recebido não é suportado"
"Update Preview","Atualizar Pré-Visualização"
"Upon receiving these credentials, please fill in the corresponding fields.","Ao receber essas credenciais, preencha os campos correspondentes."
"Urban Airship Push Notification","Notificação Urban Airship Push"
"Use Store Credit (%s available)","Usar Crédito na Loja (%s disponível)"
"Use as my default billing address","Usar como meu endereço de cobrança padrão"
"Use as my default shipping address","Usar como meu endereço de entrega padrão"
"View Details","Visualizar Detalhes"
"View Gallery","Visualizar Imagens"
"Warning: All related AirMail messages will be deleted!","Atenção: Todas as mensagens relacionadas ao AirMail serão excluidas!"
"Website is offline.","Website está offline."
"Wishlist has been cleared.","Favoritos foi limpo."
"Wishlist has been updated.","Favoritos foi atualizado."
"Wishlist has been updated. But there are accrued some errors while updating some items.","Favoritos atualizado. Mas acusou alguns erros durante atualização de alguns produtos."
"Wrong Ipad background image orientation has been specified: ""%s"".","Erro ao informar imagem de fundo da orientação do Ipad: ""%s""."
"Wrong PayPal Mobile Express Checkout Token specified.","Erro ao informar Token p/ PayPal Mobile Express Checkout."
"Wrong device type.","Erro no tipo de dispositivo."
"Wrong email format","Erro no formato de Email"
"Wrong or expired Gift Card Code.","Erro ou Código do Cartão Presente expirado."
"Wrong theme format.","Erro no formato do tema."
"YYYY","YYYY"
"Year","Ano"
"You are already logged in.","Você já está conectado."
"You can watch statistics here.","Veja as estatísticas aqui."
"You need to enable PayPal Express Checkout first from the Payment configuration before enabling PayPal MECL.","Você precisa habilitar o PayPal Express Checkout antes de configurar o Pagamento e antes de habilitar PayPal MECL."
"You will receive an order confirmation email with details of your order and a link to track its progress.","Você vai receber um Email com a confirmação de seu pedido e detalhes da compra, e um link para monitorar seu andamento."
"Your current balance is:","Seu saldo atual é:"
"Your order # is: %s. ","Seu pedido # é: %s. "
"Your review has been accepted for moderation.","Sua análise foi aceita pelo moderador."
"Zip/Postal Code","CEP"
"\'%s\' exceeds the allowed file size: %d (bytes)","\'%s\' ultrapassa o tamanho permitido: %d (bytes)"
"\'%s\' height exceeds allowed value of %d px","\'%s\' altura ultrapassa o valor permitido de %d px"
"\'%s\' is not a valid file extension. Allowed extensions: %s","\'%s\' não é uma extensão válida. Extensões permitidas: %s"
"\'%s\' width exceeds allowed value of %d px","\'%s\' largura ultrapassa o valor permitido de %d px"
"and","e"
"each","cada"
"iPad","iPad"
"iPhone","iPhone"
"save","salvar"
"ver. %s","versão %s"